<?xml version="1.0"?>
<opencv_storage>
<opencv_ml_knn>
  <format>3</format>
  <is_classifier>1</is_classifier>
  <default_k>50</default_k>
  <samples type_id="opencv-matrix">
    <rows>132</rows>
    <cols>50</cols>
    <dt>f</dt>
    <data>
      1. 5. 3. 1. 0. 3. 0. 1. 0. 4. 1. 4. 0. 0. 1. 1. 3. 0. 0. 2. 8. 1.
      0. 8. 0. 1. 0. 3. 0. 0. 0. 0. 0. 0. 0. 4. 0. 1. 0. 4. 0. 2. 0. 1.
      0. 0. 2. 6. 0. 0. 1. 5. 3. 1. 0. 3. 0. 1. 0. 4. 1. 4. 0. 0. 1. 1.
      3. 0. 0. 2. 8. 1. 0. 8. 0. 1. 0. 3. 0. 0. 0. 0. 0. 0. 0. 4. 0. 1.
      0. 4. 0. 2. 0. 1. 0. 0. 2. 6. 0. 0. 1. 5. 3. 1. 0. 3. 0. 1. 0. 4.
      1. 4. 0. 0. 1. 1. 3. 0. 0. 2. 8. 1. 0. 8. 0. 1. 0. 3. 0. 0. 0. 0.
      0. 0. 0. 4. 0. 1. 0. 4. 0. 2. 0. 1. 0. 0. 2. 6. 0. 0. 1. 5. 3. 1.
      0. 3. 0. 1. 0. 4. 1. 4. 0. 0. 1. 2. 3. 0. 0. 2. 8. 1. 0. 8. 0. 1.
      0. 3. 0. 0. 0. 0. 0. 0. 0. 4. 0. 1. 0. 4. 0. 2. 0. 1. 0. 0. 2. 5.
      0. 0. 1. 4. 3. 1. 0. 3. 0. 1. 0. 4. 1. 4. 0. 0. 1. 1. 4. 0. 0. 2.
      8. 1. 0. 8. 0. 1. 0. 3. 0. 0. 0. 0. 0. 0. 0. 4. 0. 1. 0. 4. 0. 2.
      0. 1. 0. 0. 2. 6. 0. 0. 1. 5. 3. 1. 0. 3. 0. 1. 0. 4. 1. 4. 0. 0.
      1. 1. 3. 0. 0. 2. 8. 1. 0. 8. 0. 1. 0. 3. 0. 0. 0. 0. 0. 0. 0. 4.
      0. 1. 0. 4. 0. 2. 0. 1. 0. 0. 2. 6. 0. 0. 1. 5. 3. 1. 0. 3. 0. 1.
      0. 4. 1. 4. 0. 0. 1. 1. 3. 0. 0. 2. 8. 1. 0. 8. 0. 1. 0. 3. 0. 0.
      0. 0. 0. 0. 0. 4. 0. 1. 0. 4. 0. 2. 0. 1. 0. 0. 2. 6. 0. 0. 1. 5.
      3. 1. 0. 3. 0. 1. 0. 4. 1. 4. 0. 0. 1. 1. 3. 0. 0. 2. 8. 1. 0. 8.
      0. 1. 0. 3. 0. 0. 0. 0. 0. 0. 0. 4. 0. 1. 0. 4. 0. 2. 0. 1. 0. 0.
      2. 6. 0. 0. 1. 5. 3. 1. 0. 3. 0. 1. 0. 4. 1. 4. 0. 0. 1. 1. 3. 0.
      0. 2. 8. 1. 0. 8. 0. 1. 0. 3. 0. 0. 0. 0. 0. 0. 0. 4. 0. 1. 0. 4.
      0. 2. 0. 1. 0. 0. 2. 6. 0. 0. 1. 5. 3. 1. 0. 3. 0. 1. 0. 4. 1. 4.
      0. 0. 1. 1. 3. 0. 0. 2. 8. 1. 0. 8. 0. 1. 0. 3. 0. 0. 0. 0. 0. 0.
      0. 4. 0. 1. 0. 4. 0. 2. 0. 1. 0. 0. 2. 6. 0. 0. 1. 5. 3. 1. 0. 3.
      0. 1. 0. 4. 1. 4. 0. 0. 1. 1. 3. 0. 0. 2. 8. 1. 0. 8. 0. 1. 0. 3.
      0. 0. 0. 0. 0. 0. 0. 4. 0. 1. 0. 4. 0. 2. 0. 1. 0. 0. 2. 6. 0. 0.
      1. 5. 3. 2. 0. 3. 0. 1. 0. 4. 1. 4. 0. 0. 1. 1. 3. 0. 0. 2. 8. 0.
      0. 8. 0. 1. 0. 3. 0. 0. 0. 0. 0. 0. 0. 4. 0. 1. 0. 4. 0. 2. 0. 1.
      0. 0. 2. 6. 0. 0. 1. 5. 3. 1. 0. 3. 0. 1. 0. 4. 1. 4. 0. 0. 1. 1.
      3. 1. 0. 2. 8. 1. 0. 8. 0. 1. 0. 3. 0. 0. 0. 0. 0. 0. 0. 4. 0. 1.
      0. 4. 0. 2. 0. 1. 0. 0. 2. 5. 0. 0. 1. 5. 3. 1. 0. 3. 0. 1. 0. 4.
      1. 4. 0. 0. 1. 1. 3. 0. 0. 2. 8. 1. 0. 8. 0. 1. 0. 3. 0. 0. 0. 0.
      0. 0. 0. 4. 0. 1. 0. 4. 0. 2. 0. 1. 0. 0. 2. 6. 0. 0. 1. 5. 3. 1.
      0. 3. 0. 1. 0. 4. 1. 4. 0. 0. 1. 1. 3. 0. 0. 2. 8. 1. 0. 8. 0. 1.
      0. 3. 0. 0. 0. 0. 0. 0. 0. 4. 0. 1. 0. 4. 0. 2. 0. 1. 0. 0. 2. 6.
      0. 0. 1. 5. 3. 1. 0. 3. 0. 1. 0. 4. 1. 4. 0. 0. 1. 1. 3. 0. 0. 2.
      8. 1. 0. 8. 0. 1. 0. 3. 0. 0. 0. 0. 0. 0. 0. 4. 0. 1. 0. 4. 0. 2.
      0. 1. 0. 0. 2. 6. 0. 0. 1. 5. 3. 1. 0. 3. 0. 1. 0. 4. 1. 4. 0. 0.
      1. 1. 3. 0. 0. 2. 8. 1. 0. 8. 0. 1. 0. 3. 0. 0. 0. 0. 0. 0. 0. 4.
      0. 1. 0. 4. 0. 2. 0. 1. 0. 0. 2. 6. 0. 0. 1. 5. 3. 0. 0. 3. 0. 1.
      0. 4. 1. 4. 0. 0. 1. 1. 3. 0. 0. 2. 8. 2. 0. 8. 0. 1. 0. 3. 0. 0.
      0. 0. 0. 0. 0. 4. 0. 1. 0. 4. 0. 2. 0. 1. 0. 0. 2. 6. 0. 0. 1. 5.
      3. 1. 0. 3. 0. 1. 0. 4. 1. 4. 0. 0. 1. 1. 3. 0. 0. 2. 8. 1. 0. 8.
      0. 1. 0. 3. 0. 0. 0. 0. 0. 0. 0. 4. 0. 1. 0. 4. 0. 2. 0. 1. 0. 0.
      2. 6. 0. 0. 1. 5. 3. 1. 0. 3. 0. 1. 0. 4. 1. 4. 0. 0. 1. 1. 3. 0.
      0. 2. 8. 1. 0. 8. 0. 1. 0. 3. 0. 0. 0. 0. 0. 0. 0. 4. 0. 1. 0. 4.
      0. 2. 0. 1. 0. 0. 2. 6. 0. 0. 1. 5. 3. 2. 0. 3. 0. 1. 0. 4. 1. 4.
      0. 0. 1. 1. 3. 0. 0. 2. 8. 0. 0. 8. 0. 1. 0. 3. 0. 0. 0. 1. 0. 0.
      0. 4. 0. 1. 0. 3. 0. 2. 0. 1. 0. 0. 2. 6. 0. 0. 1. 5. 3. 1. 0. 3.
      0. 1. 0. 4. 1. 4. 0. 0. 1. 1. 3. 0. 0. 2. 8. 1. 0. 8. 0. 1. 0. 3.
      0. 0. 0. 0. 0. 0. 0. 4. 0. 1. 0. 4. 0. 2. 0. 1. 0. 0. 2. 6. 0. 0.
      1. 5. 3. 2. 0. 3. 0. 1. 0. 4. 1. 4. 0. 0. 1. 1. 3. 0. 0. 2. 8. 0.
      0. 8. 0. 1. 0. 3. 0. 0. 0. 0. 0. 0. 0. 4. 0. 1. 0. 4. 0. 2. 0. 1.
      0. 0. 2. 6. 0. 0. 1. 5. 3. 1. 0. 3. 0. 1. 0. 4. 1. 4. 0. 0. 1. 1.
      3. 0. 0. 2. 8. 1. 0. 8. 0. 1. 0. 3. 0. 0. 0. 0. 0. 0. 0. 4. 0. 1.
      0. 4. 0. 2. 0. 1. 0. 0. 2. 6. 0. 0. 1. 5. 3. 1. 0. 3. 1. 1. 0. 4.
      1. 4. 0. 0. 1. 1. 3. 0. 0. 2. 8. 1. 0. 8. 0. 1. 0. 3. 0. 0. 0. 0.
      0. 0. 0. 4. 0. 1. 0. 4. 0. 2. 0. 1. 0. 0. 2. 5. 0. 0. 1. 5. 3. 2.
      0. 3. 0. 1. 0. 4. 1. 4. 0. 0. 1. 1. 3. 0. 0. 2. 8. 0. 0. 8. 0. 1.
      0. 3. 0. 0. 0. 0. 0. 0. 0. 4. 0. 1. 0. 4. 0. 2. 0. 1. 0. 0. 2. 6.
      0. 0. 1. 5. 3. 1. 0. 3. 0. 1. 0. 4. 1. 4. 0. 0. 1. 1. 3. 0. 0. 2.
      8. 1. 0. 8. 0. 1. 0. 3. 0. 0. 0. 0. 0. 0. 0. 4. 0. 1. 0. 4. 0. 2.
      0. 1. 0. 0. 2. 6. 0. 0. 1. 5. 3. 1. 0. 3. 0. 1. 0. 4. 1. 4. 0. 0.
      1. 1. 3. 0. 0. 2. 8. 1. 0. 8. 0. 1. 0. 3. 0. 0. 0. 0. 0. 0. 0. 4.
      0. 1. 0. 4. 0. 2. 0. 1. 0. 0. 2. 6. 0. 0. 1. 5. 3. 1. 0. 3. 0. 1.
      0. 4. 1. 4. 0. 0. 1. 1. 3. 0. 0. 2. 8. 1. 0. 8. 0. 1. 0. 3. 0. 0.
      0. 0. 0. 0. 0. 4. 0. 1. 0. 4. 0. 2. 0. 1. 0. 0. 2. 6. 0. 0. 1. 5.
      3. 1. 0. 3. 0. 1. 0. 4. 1. 4. 0. 0. 1. 1. 3. 0. 0. 2. 8. 1. 0. 8.
      0. 1. 0. 3. 0. 0. 0. 0. 0. 0. 0. 4. 0. 1. 0. 4. 0. 2. 0. 1. 0. 0.
      2. 6. 0. 0. 1. 5. 3. 1. 0. 3. 0. 1. 0. 4. 1. 4. 0. 0. 1. 1. 3. 0.
      0. 2. 8. 1. 0. 8. 0. 1. 0. 3. 0. 0. 0. 0. 0. 0. 0. 4. 0. 1. 0. 4.
      0. 2. 0. 1. 0. 0. 2. 6. 0. 0. 1. 5. 3. 2. 0. 3. 0. 1. 0. 4. 1. 4.
      0. 0. 1. 1. 3. 0. 0. 2. 8. 0. 0. 8. 0. 1. 0. 3. 0. 0. 0. 0. 0. 0.
      0. 4. 0. 1. 0. 4. 0. 2. 0. 1. 0. 0. 2. 6. 0. 0. 2. 5. 3. 1. 0. 3.
      0. 1. 0. 4. 1. 4. 0. 0. 1. 1. 3. 0. 0. 2. 8. 1. 0. 8. 0. 1. 0. 3.
      0. 0. 0. 0. 0. 0. 0. 4. 0. 1. 0. 4. 0. 1. 0. 1. 0. 0. 2. 6. 0. 0.
      1. 7. 3. 2. 0. 3. 1. 1. 0. 4. 1. 4. 0. 0. 1. 1. 3. 0. 0. 2. 8. 0.
      0. 8. 0. 1. 0. 3. 0. 0. 0. 0. 0. 0. 0. 4. 0. 1. 0. 4. 0. 2. 0. 1.
      0. 0. 2. 3. 0. 0. 1. 5. 3. 1. 0. 3. 0. 1. 0. 4. 1. 4. 0. 0. 1. 1.
      3. 0. 0. 2. 8. 1. 0. 8. 0. 1. 0. 3. 0. 0. 0. 0. 0. 0. 0. 4. 0. 1.
      0. 4. 0. 2. 0. 1. 0. 0. 2. 6. 0. 0. 1. 5. 3. 1. 0. 3. 1. 1. 0. 4.
      1. 4. 0. 0. 1. 1. 3. 0. 0. 2. 8. 1. 0. 8. 0. 1. 0. 3. 0. 0. 0. 0.
      0. 0. 0. 4. 0. 1. 0. 4. 0. 2. 0. 1. 0. 0. 2. 5. 0. 0. 1. 5. 3. 1.
      0. 3. 0. 1. 0. 4. 1. 4. 0. 0. 1. 1. 3. 0. 0. 2. 8. 1. 0. 8. 0. 1.
      0. 3. 0. 0. 0. 0. 0. 0. 0. 4. 0. 1. 0. 4. 0. 2. 0. 1. 0. 0. 2. 6.
      0. 0. 1. 5. 3. 1. 0. 3. 0. 1. 0. 4. 1. 4. 0. 0. 1. 1. 3. 0. 0. 2.
      8. 1. 0. 8. 0. 1. 0. 3. 0. 0. 0. 0. 0. 0. 0. 4. 0. 1. 0. 4. 0. 2.
      0. 1. 0. 0. 2. 6. 0. 0. 1. 5. 3. 1. 0. 3. 0. 1. 0. 4. 1. 4. 0. 0.
      1. 1. 3. 0. 0. 2. 8. 1. 0. 8. 0. 1. 0. 3. 0. 0. 0. 0. 0. 0. 0. 4.
      0. 1. 0. 4. 0. 2. 0. 1. 0. 0. 2. 6. 0. 0. 1. 5. 3. 2. 0. 3. 0. 1.
      0. 4. 1. 3. 0. 0. 1. 1. 3. 0. 0. 2. 8. 1. 0. 8. 0. 1. 0. 3. 0. 0.
      0. 0. 0. 0. 0. 4. 0. 1. 0. 4. 0. 2. 0. 1. 0. 0. 2. 6. 0. 0. 1. 5.
      3. 2. 0. 3. 0. 1. 0. 4. 1. 4. 0. 0. 1. 1. 3. 0. 0. 2. 8. 0. 0. 8.
      0. 1. 0. 3. 0. 0. 0. 0. 0. 0. 0. 4. 0. 1. 0. 4. 0. 2. 0. 1. 0. 0.
      2. 6. 0. 0. 1. 5. 3. 1. 0. 3. 0. 1. 0. 4. 1. 4. 0. 0. 1. 1. 3. 0.
      0. 2. 8. 1. 0. 8. 0. 1. 0. 3. 0. 0. 0. 0. 0. 0. 0. 4. 0. 1. 0. 4.
      0. 2. 0. 1. 0. 0. 2. 6. 0. 0. 1. 5. 3. 1. 0. 3. 0. 1. 0. 4. 1. 4.
      0. 0. 1. 1. 3. 0. 0. 2. 8. 1. 0. 8. 0. 1. 0. 3. 0. 0. 0. 0. 0. 0.
      0. 4. 0. 1. 0. 4. 0. 2. 0. 1. 0. 0. 2. 6. 0. 0. 1. 5. 3. 1. 0. 3.
      0. 1. 0. 4. 1. 4. 0. 0. 1. 1. 3. 0. 0. 2. 8. 1. 0. 8. 0. 1. 0. 3.
      0. 0. 0. 0. 0. 0. 0. 4. 0. 1. 0. 4. 0. 2. 0. 1. 0. 0. 2. 6. 0. 0.
      1. 5. 3. 1. 0. 3. 0. 1. 0. 4. 1. 4. 0. 0. 1. 1. 3. 0. 0. 2. 8. 1.
      0. 8. 0. 1. 0. 3. 0. 0. 0. 0. 0. 0. 0. 4. 0. 1. 0. 4. 0. 2. 0. 1.
      0. 0. 2. 6. 0. 0. 1. 5. 3. 1. 0. 3. 0. 1. 0. 4. 1. 4. 0. 0. 1. 1.
      3. 0. 0. 2. 8. 1. 0. 8. 0. 1. 0. 3. 0. 0. 0. 0. 0. 0. 0. 4. 0. 1.
      0. 4. 0. 2. 0. 1. 0. 0. 2. 6. 0. 0. 1. 5. 3. 1. 0. 3. 0. 1. 0. 4.
      1. 4. 0. 0. 1. 1. 3. 0. 0. 2. 8. 1. 0. 8. 0. 1. 0. 3. 0. 0. 0. 0.
      0. 0. 0. 4. 0. 1. 0. 4. 0. 2. 0. 1. 0. 0. 2. 6. 0. 0. 1. 5. 3. 2.
      0. 3. 0. 1. 0. 4. 1. 4. 0. 0. 1. 1. 3. 0. 0. 2. 8. 0. 0. 8. 0. 1.
      0. 3. 0. 0. 0. 0. 0. 0. 0. 4. 0. 1. 0. 4. 0. 2. 0. 1. 0. 0. 2. 6.
      0. 0. 1. 5. 3. 1. 0. 3. 0. 1. 0. 4. 1. 4. 0. 0. 1. 1. 3. 0. 0. 2.
      8. 1. 0. 8. 0. 1. 0. 3. 0. 0. 0. 0. 0. 0. 0. 4. 0. 1. 0. 4. 0. 2.
      0. 1. 0. 0. 2. 6. 0. 0. 1. 5. 3. 2. 0. 3. 0. 1. 0. 4. 1. 4. 0. 0.
      1. 1. 3. 0. 0. 2. 8. 0. 0. 8. 0. 1. 0. 3. 0. 0. 0. 0. 0. 0. 0. 4.
      0. 1. 0. 4. 0. 2. 0. 1. 0. 0. 2. 6. 0. 0. 1. 5. 3. 1. 0. 3. 0. 1.
      0. 4. 1. 4. 0. 0. 1. 1. 3. 0. 0. 2. 8. 1. 0. 8. 0. 1. 0. 3. 0. 0.
      0. 0. 0. 0. 0. 4. 0. 1. 0. 4. 0. 2. 0. 1. 0. 0. 2. 6. 0. 0. 1. 5.
      3. 1. 0. 3. 0. 1. 0. 4. 1. 4. 0. 0. 1. 1. 3. 0. 0. 2. 8. 1. 0. 8.
      0. 1. 0. 3. 0. 0. 0. 0. 0. 0. 0. 4. 0. 1. 0. 4. 0. 2. 0. 1. 0. 0.
      2. 6. 0. 0. 1. 5. 3. 1. 0. 3. 0. 1. 0. 4. 1. 4. 0. 0. 1. 1. 3. 0.
      0. 2. 8. 1. 0. 8. 0. 1. 0. 3. 0. 0. 0. 0. 0. 0. 0. 4. 0. 1. 0. 4.
      0. 2. 0. 1. 0. 0. 2. 6. 0. 0. 1. 5. 3. 1. 0. 3. 0. 1. 0. 4. 1. 4.
      0. 0. 1. 1. 3. 0. 0. 2. 8. 1. 0. 8. 0. 1. 0. 3. 0. 0. 0. 0. 0. 0.
      0. 4. 0. 1. 0. 4. 0. 2. 0. 1. 0. 0. 2. 6. 0. 0. 1. 5. 3. 2. 0. 3.
      0. 1. 0. 4. 1. 4. 0. 0. 1. 1. 3. 0. 0. 2. 8. 0. 0. 8. 0. 1. 0. 3.
      0. 0. 0. 0. 0. 0. 0. 4. 0. 1. 0. 4. 0. 2. 0. 1. 0. 0. 2. 6. 0. 0.
      1. 5. 3. 1. 0. 3. 0. 1. 0. 4. 1. 4. 0. 0. 1. 1. 3. 0. 0. 2. 8. 1.
      0. 8. 0. 1. 0. 3. 0. 0. 0. 0. 0. 0. 0. 4. 0. 1. 0. 4. 0. 2. 0. 1.
      0. 0. 2. 6. 0. 0. 1. 5. 3. 1. 0. 3. 0. 1. 0. 4. 1. 4. 0. 0. 1. 1.
      3. 0. 0. 2. 8. 1. 0. 8. 0. 1. 0. 3. 0. 0. 0. 0. 0. 0. 0. 4. 0. 1.
      0. 4. 0. 2. 0. 1. 0. 0. 2. 6. 0. 0. 1. 5. 3. 1. 0. 3. 0. 1. 0. 4.
      1. 4. 0. 0. 1. 1. 3. 0. 0. 2. 8. 1. 0. 8. 0. 1. 0. 3. 0. 0. 0. 0.
      0. 0. 0. 4. 0. 1. 0. 4. 0. 2. 0. 1. 0. 0. 2. 6. 0. 0. 1. 5. 3. 1.
      0. 3. 0. 1. 0. 4. 1. 4. 0. 0. 1. 1. 3. 0. 0. 2. 8. 1. 0. 8. 0. 1.
      0. 3. 0. 0. 0. 0. 0. 0. 0. 4. 0. 1. 0. 4. 0. 2. 0. 1. 0. 0. 2. 6.
      0. 0. 1. 5. 3. 2. 0. 3. 0. 1. 0. 4. 1. 4. 0. 0. 1. 1. 3. 0. 0. 2.
      8. 0. 0. 8. 0. 1. 0. 3. 0. 0. 0. 1. 0. 0. 0. 4. 0. 1. 0. 3. 0. 2.
      0. 1. 0. 0. 2. 6. 0. 0. 1. 5. 3. 1. 0. 3. 0. 1. 0. 4. 1. 4. 0. 0.
      1. 1. 3. 0. 0. 2. 8. 1. 0. 8. 0. 1. 0. 3. 0. 0. 0. 0. 0. 0. 0. 4.
      0. 1. 0. 4. 0. 2. 0. 1. 0. 0. 2. 6. 0. 0. 1. 5. 3. 1. 0. 3. 0. 1.
      0. 4. 1. 4. 0. 0. 1. 1. 3. 0. 0. 2. 8. 1. 0. 8. 0. 1. 0. 3. 0. 0.
      0. 0. 0. 0. 0. 4. 0. 1. 0. 4. 0. 2. 0. 1. 0. 0. 2. 6. 0. 0. 1. 5.
      3. 1. 0. 3. 0. 1. 0. 4. 1. 4. 0. 0. 1. 1. 3. 0. 0. 2. 8. 1. 0. 8.
      0. 1. 0. 3. 0. 0. 0. 0. 0. 0. 0. 4. 0. 1. 0. 4. 0. 2. 0. 1. 0. 0.
      2. 6. 0. 0. 1. 5. 3. 1. 0. 3. 0. 1. 0. 4. 1. 4. 0. 0. 1. 1. 3. 0.
      0. 2. 8. 1. 0. 8. 0. 1. 0. 3. 0. 0. 0. 0. 0. 0. 0. 4. 0. 1. 0. 4.
      0. 2. 0. 1. 0. 0. 2. 6. 0. 0. 1. 5. 3. 1. 0. 3. 0. 1. 0. 4. 1. 4.
      0. 0. 1. 1. 3. 0. 0. 2. 8. 1. 0. 8. 0. 1. 0. 3. 0. 0. 0. 0. 0. 0.
      0. 4. 0. 1. 0. 4. 0. 2. 0. 1. 0. 0. 2. 6. 0. 0. 1. 5. 3. 1. 0. 3.
      0. 1. 0. 4. 1. 5. 0. 0. 1. 1. 3. 0. 0. 2. 8. 1. 0. 8. 0. 1. 0. 3.
      0. 0. 0. 0. 0. 0. 0. 4. 0. 1. 0. 4. 0. 1. 0. 1. 0. 0. 2. 6. 0. 0.
      1. 5. 3. 1. 0. 3. 0. 1. 0. 4. 1. 4. 0. 0. 1. 1. 3. 0. 0. 2. 8. 1.
      0. 8. 0. 1. 0. 3. 0. 0. 0. 0. 0. 0. 0. 4. 0. 1. 0. 4. 0. 2. 0. 1.
      0. 0. 2. 6. 0. 0. 1. 5. 3. 1. 0. 3. 0. 1. 0. 4. 1. 4. 0. 0. 1. 1.
      3. 0. 0. 2. 8. 1. 0. 8. 0. 1. 0. 3. 0. 0. 0. 0. 0. 0. 0. 4. 0. 1.
      0. 4. 0. 2. 0. 1. 0. 0. 2. 6. 0. 0. 1. 5. 3. 1. 0. 3. 0. 1. 0. 4.
      1. 4. 0. 0. 1. 1. 3. 0. 0. 2. 8. 1. 0. 8. 0. 1. 0. 3. 0. 0. 0. 0.
      0. 0. 0. 4. 0. 1. 0. 4. 0. 2. 0. 1. 0. 0. 2. 6. 0. 0. 1. 5. 3. 1.
      0. 3. 0. 1. 0. 4. 1. 4. 0. 0. 1. 2. 3. 0. 0. 2. 8. 1. 0. 8. 0. 1.
      0. 3. 0. 0. 0. 0. 0. 0. 0. 4. 0. 1. 0. 4. 0. 2. 0. 1. 0. 0. 2. 5.
      0. 0. 1. 5. 3. 2. 0. 3. 0. 1. 0. 4. 1. 4. 0. 0. 1. 1. 3. 0. 0. 2.
      8. 0. 0. 8. 0. 1. 0. 3. 0. 0. 0. 0. 0. 0. 0. 4. 0. 1. 0. 4. 0. 2.
      0. 1. 0. 0. 2. 6. 0. 0. 1. 5. 3. 1. 0. 3. 0. 1. 0. 4. 1. 4. 0. 0.
      1. 1. 3. 0. 0. 2. 8. 1. 0. 8. 0. 1. 0. 3. 0. 0. 0. 0. 0. 0. 0. 4.
      0. 1. 0. 4. 0. 2. 0. 1. 0. 0. 2. 6. 0. 0. 1. 5. 3. 1. 0. 3. 0. 1.
      0. 4. 1. 4. 0. 0. 1. 1. 3. 0. 0. 2. 8. 1. 0. 8. 0. 1. 0. 3. 0. 0.
      0. 0. 0. 0. 0. 4. 0. 1. 0. 4. 0. 2. 0. 1. 0. 0. 2. 6. 0. 0. 1. 5.
      3. 1. 0. 3. 0. 1. 0. 4. 1. 4. 0. 0. 1. 1. 3. 0. 0. 2. 8. 1. 0. 8.
      0. 1. 0. 3. 0. 0. 0. 0. 0. 0. 0. 4. 0. 1. 0. 4. 0. 2. 0. 1. 0. 0.
      2. 6. 0. 0. 1. 5. 3. 2. 0. 3. 0. 1. 0. 4. 1. 4. 0. 0. 1. 1. 2. 0.
      0. 2. 8. 0. 0. 8. 0. 1. 0. 3. 0. 0. 0. 0. 0. 0. 0. 4. 0. 1. 0. 5.
      0. 2. 0. 1. 0. 0. 2. 6. 0. 0. 1. 5. 3. 1. 0. 3. 0. 1. 0. 4. 1. 4.
      0. 0. 1. 1. 3. 0. 0. 2. 8. 1. 0. 8. 0. 1. 0. 3. 0. 0. 0. 0. 0. 0.
      0. 4. 0. 1. 0. 4. 0. 2. 0. 1. 0. 0. 2. 6. 0. 0. 1. 5. 3. 1. 0. 3.
      0. 1. 0. 4. 1. 4. 0. 0. 1. 1. 3. 0. 0. 2. 8. 1. 0. 8. 0. 1. 0. 3.
      0. 0. 0. 0. 0. 0. 0. 4. 0. 1. 0. 4. 0. 2. 0. 1. 0. 0. 2. 6. 0. 0.
      1. 5. 3. 1. 0. 3. 0. 1. 0. 4. 1. 4. 0. 0. 1. 1. 3. 0. 0. 2. 8. 1.
      0. 8. 0. 1. 0. 3. 0. 0. 0. 0. 0. 0. 0. 4. 0. 1. 0. 4. 0. 2. 0. 1.
      0. 0. 2. 6. 0. 0. 1. 5. 3. 1. 0. 3. 1. 1. 0. 4. 1. 4. 0. 0. 1. 1.
      3. 0. 0. 2. 8. 1. 0. 8. 0. 1. 0. 3. 0. 0. 0. 1. 0. 0. 0. 4. 0. 1.
      0. 3. 0. 2. 0. 1. 0. 0. 2. 5. 0. 0. 1. 5. 3. 1. 0. 3. 0. 1. 0. 4.
      1. 4. 0. 0. 1. 1. 3. 0. 0. 2. 8. 1. 0. 8. 0. 1. 0. 3. 0. 0. 0. 0.
      0. 0. 0. 4. 0. 1. 0. 4. 0. 2. 0. 1. 0. 0. 2. 6. 0. 0. 1. 5. 3. 1.
      0. 3. 0. 1. 0. 4. 1. 4. 0. 0. 1. 1. 3. 0. 0. 2. 8. 1. 0. 8. 0. 1.
      0. 3. 0. 0. 0. 0. 0. 0. 0. 4. 0. 1. 0. 4. 0. 2. 0. 1. 0. 0. 2. 6.
      0. 0. 1. 5. 3. 1. 0. 3. 0. 1. 0. 4. 1. 4. 0. 0. 1. 1. 3. 0. 0. 2.
      8. 1. 0. 8. 0. 1. 0. 3. 0. 0. 0. 0. 0. 0. 0. 4. 0. 1. 0. 4. 0. 2.
      0. 1. 0. 0. 2. 6. 0. 0. 1. 5. 3. 1. 0. 3. 0. 1. 0. 4. 1. 4. 0. 0.
      1. 1. 3. 0. 0. 2. 8. 1. 0. 8. 0. 1. 0. 3. 0. 0. 0. 0. 0. 0. 0. 4.
      0. 1. 0. 4. 0. 2. 0. 1. 0. 0. 2. 6. 0. 0. 1. 5. 3. 1. 0. 3. 0. 1.
      0. 4. 1. 4. 0. 0. 1. 1. 3. 0. 0. 2. 8. 1. 0. 8. 0. 1. 0. 3. 0. 0.
      0. 0. 0. 0. 0. 4. 0. 1. 0. 4. 0. 2. 0. 1. 0. 0. 2. 6. 0. 0. 1. 5.
      3. 1. 0. 3. 0. 1. 0. 4. 1. 4. 0. 0. 1. 1. 3. 0. 0. 2. 8. 1. 0. 8.
      0. 1. 0. 3. 0. 0. 0. 0. 0. 0. 0. 4. 0. 1. 0. 4. 0. 2. 0. 1. 0. 0.
      2. 6. 0. 0. 1. 5. 3. 1. 0. 3. 0. 1. 0. 4. 1. 4. 0. 0. 1. 1. 3. 0.
      0. 2. 8. 1. 0. 8. 0. 1. 0. 3. 0. 0. 0. 0. 0. 0. 0. 4. 0. 1. 0. 4.
      0. 2. 0. 1. 0. 0. 2. 6. 0. 0. 1. 5. 3. 1. 0. 3. 0. 1. 0. 4. 1. 4.
      0. 0. 1. 1. 3. 0. 0. 2. 8. 1. 0. 8. 0. 1. 0. 3. 0. 0. 0. 0. 0. 0.
      0. 4. 0. 1. 0. 4. 0. 2. 0. 1. 0. 0. 2. 6. 0. 0. 1. 5. 3. 1. 0. 3.
      0. 1. 0. 4. 1. 4. 0. 0. 1. 1. 3. 0. 0. 2. 8. 1. 0. 8. 0. 1. 0. 3.
      0. 0. 0. 0. 0. 0. 0. 4. 0. 1. 0. 4. 0. 2. 0. 1. 0. 0. 2. 6. 0. 0.
      1. 5. 3. 1. 0. 3. 0. 1. 0. 4. 1. 4. 0. 0. 1. 1. 3. 0. 0. 2. 8. 1.
      0. 8. 0. 1. 0. 3. 0. 0. 0. 0. 0. 0. 0. 4. 0. 1. 0. 4. 0. 2. 0. 1.
      0. 0. 2. 6. 0. 0. 1. 5. 3. 1. 0. 3. 0. 1. 0. 4. 1. 4. 0. 0. 1. 1.
      3. 0. 0. 2. 8. 1. 0. 8. 0. 1. 0. 3. 0. 0. 0. 0. 0. 0. 0. 4. 0. 1.
      0. 4. 0. 2. 0. 1. 0. 0. 2. 6. 0. 0. 1. 5. 3. 1. 0. 3. 0. 1. 0. 4.
      1. 4. 0. 0. 1. 1. 3. 0. 0. 2. 8. 1. 0. 8. 0. 1. 0. 3. 0. 0. 0. 0.
      0. 0. 0. 4. 0. 1. 0. 4. 0. 2. 0. 1. 0. 0. 2. 6. 0. 0. 1. 5. 3. 1.
      0. 3. 0. 1. 0. 4. 1. 4. 0. 0. 1. 1. 3. 0. 0. 2. 8. 1. 0. 8. 0. 1.
      0. 3. 0. 0. 0. 0. 0. 0. 0. 4. 0. 1. 0. 4. 0. 2. 0. 1. 0. 0. 2. 6.
      0. 0. 1. 5. 3. 1. 0. 3. 0. 1. 0. 4. 1. 4. 0. 0. 1. 1. 3. 0. 0. 2.
      8. 1. 0. 8. 0. 1. 0. 3. 0. 0. 0. 0. 0. 0. 0. 4. 0. 1. 0. 4. 0. 2.
      0. 1. 0. 0. 2. 6. 0. 0. 1. 5. 3. 1. 0. 3. 0. 1. 0. 4. 1. 4. 0. 0.
      1. 1. 3. 0. 0. 2. 8. 1. 0. 8. 0. 1. 0. 3. 0. 0. 0. 1. 0. 0. 0. 4.
      0. 1. 0. 3. 0. 2. 0. 1. 0. 0. 2. 6. 0. 0. 1. 5. 3. 1. 0. 3. 0. 1.
      0. 4. 1. 4. 0. 0. 1. 1. 3. 0. 0. 2. 8. 1. 0. 8. 0. 1. 0. 3. 0. 0.
      0. 0. 0. 0. 0. 4. 0. 1. 0. 4. 0. 2. 0. 1. 0. 0. 2. 6. 0. 0. 1. 5.
      3. 1. 0. 3. 0. 1. 0. 4. 1. 4. 0. 0. 1. 1. 3. 0. 0. 2. 8. 1. 0. 8.
      0. 1. 0. 3. 0. 0. 0. 0. 0. 0. 0. 4. 0. 1. 0. 4. 0. 2. 0. 1. 0. 0.
      2. 6. 0. 0. 1. 5. 3. 1. 0. 3. 0. 1. 0. 4. 1. 4. 0. 0. 1. 1. 3. 0.
      0. 2. 8. 1. 0. 8. 0. 1. 0. 3. 0. 0. 0. 0. 0. 0. 0. 4. 0. 1. 0. 4.
      0. 2. 0. 1. 0. 0. 2. 6. 0. 0. 1. 5. 3. 1. 0. 3. 0. 1. 0. 4. 1. 4.
      0. 0. 1. 1. 3. 0. 0. 2. 8. 1. 0. 8. 0. 1. 0. 3. 0. 0. 0. 0. 0. 0.
      0. 4. 0. 1. 0. 4. 0. 2. 0. 1. 0. 0. 2. 6. 0. 0. 1. 5. 3. 1. 0. 3.
      0. 1. 0. 4. 1. 4. 0. 0. 1. 1. 3. 0. 0. 2. 8. 1. 0. 8. 0. 1. 0. 3.
      0. 0. 0. 0. 0. 0. 0. 4. 0. 1. 0. 4. 0. 2. 0. 1. 0. 0. 2. 6. 0. 0.
      1. 5. 3. 1. 0. 3. 0. 1. 0. 4. 1. 4. 0. 0. 1. 1. 3. 0. 0. 2. 8. 1.
      0. 8. 0. 1. 0. 3. 0. 0. 0. 0. 0. 0. 0. 4. 0. 1. 0. 4. 0. 2. 0. 1.
      0. 0. 2. 6. 0. 0. 1. 5. 3. 1. 0. 3. 0. 1. 0. 4. 1. 4. 0. 0. 1. 1.
      3. 0. 0. 2. 8. 1. 0. 8. 0. 1. 0. 3. 0. 0. 0. 0. 0. 0. 0. 4. 0. 1.
      0. 4. 0. 2. 0. 1. 0. 0. 2. 6. 0. 0. 0. 4. 4. 1. 1. 2. 1. 0. 1. 4.
      5. 5. 0. 0. 3. 0. 5. 0. 0. 2. 9. 0. 1. 24. 0. 0. 0. 3. 0. 1. 0. 3.
      0. 1. 0. 2. 0. 2. 1. 5. 1. 6. 0. 1. 1. 0. 5. 3. 0. 2. 0. 4. 4. 1.
      1. 2. 1. 0. 1. 6. 5. 5. 0. 0. 3. 1. 5. 0. 0. 2. 9. 0. 1. 22. 0. 0.
      0. 3. 0. 1. 0. 3. 0. 1. 0. 2. 0. 2. 1. 5. 1. 6. 0. 1. 1. 0. 5. 2.
      0. 2. 0. 4. 4. 1. 1. 2. 1. 0. 1. 4. 5. 5. 0. 0. 3. 0. 5. 0. 0. 2.
      9. 0. 1. 24. 0. 0. 0. 3. 0. 1. 0. 3. 0. 1. 0. 2. 0. 3. 1. 5. 1. 5.
      0. 1. 1. 0. 5. 3. 0. 2. 0. 4. 4. 1. 1. 2. 1. 0. 1. 4. 5. 5. 0. 0.
      3. 0. 5. 0. 0. 2. 9. 0. 1. 24. 0. 0. 0. 3. 0. 1. 0. 3. 0. 1. 0. 2.
      0. 2. 1. 5. 1. 6. 0. 1. 1. 0. 5. 3. 0. 2. 0. 4. 4. 1. 0. 2. 2. 0.
      1. 4. 5. 5. 0. 0. 3. 0. 5. 0. 0. 2. 9. 0. 1. 24. 0. 0. 0. 3. 0. 1.
      0. 3. 0. 1. 0. 2. 0. 2. 1. 5. 1. 6. 0. 1. 1. 0. 5. 3. 0. 2. 0. 4.
      4. 1. 1. 2. 1. 0. 1. 4. 5. 5. 0. 0. 3. 0. 5. 0. 0. 2. 9. 0. 1. 24.
      0. 0. 0. 3. 0. 1. 0. 3. 0. 1. 0. 2. 0. 2. 1. 5. 1. 6. 0. 1. 1. 0.
      5. 3. 0. 2. 0. 4. 4. 1. 1. 2. 1. 0. 1. 4. 5. 5. 0. 0. 3. 0. 5. 0.
      0. 2. 9. 0. 1. 24. 0. 0. 0. 3. 0. 1. 0. 3. 0. 1. 0. 2. 0. 2. 1. 5.
      1. 6. 0. 1. 1. 0. 5. 3. 0. 2. 0. 4. 4. 1. 1. 2. 1. 0. 1. 4. 5. 5.
      0. 0. 3. 0. 5. 0. 0. 2. 9. 0. 1. 24. 0. 0. 0. 3. 0. 1. 0. 3. 0. 1.
      0. 2. 0. 2. 1. 5. 1. 6. 0. 1. 1. 0. 5. 3. 0. 2. 0. 4. 4. 1. 1. 2.
      1. 0. 1. 4. 5. 5. 0. 0. 3. 1. 5. 0. 0. 2. 9. 0. 1. 24. 0. 0. 0. 3.
      0. 1. 0. 3. 0. 1. 0. 2. 0. 2. 1. 5. 1. 6. 0. 1. 1. 0. 5. 2. 0. 2.
      0. 4. 4. 1. 1. 2. 1. 0. 1. 4. 5. 5. 0. 0. 3. 0. 5. 0. 0. 2. 9. 0.
      1. 24. 0. 0. 0. 3. 0. 1. 0. 3. 0. 1. 0. 2. 0. 2. 1. 5. 1. 6. 0. 1.
      1. 0. 5. 3. 0. 2. 0. 4. 4. 1. 1. 2. 1. 0. 1. 4. 5. 5. 0. 0. 3. 0.
      5. 0. 0. 2. 9. 0. 1. 24. 0. 0. 0. 3. 0. 1. 0. 3. 0. 1. 0. 3. 0. 2.
      1. 5. 1. 5. 0. 1. 1. 0. 5. 3. 0. 2. 0. 4. 4. 1. 1. 2. 1. 0. 1. 4.
      5. 5. 0. 0. 3. 0. 5. 0. 0. 2. 9. 0. 1. 24. 0. 0. 0. 3. 0. 1. 0. 3.
      0. 1. 0. 2. 0. 2. 1. 5. 1. 6. 0. 1. 1. 0. 5. 3. 0. 2. 0. 4. 4. 1.
      0. 2. 1. 0. 1. 4. 5. 5. 0. 0. 3. 0. 5. 0. 0. 2. 9. 0. 1. 24. 0. 0.
      0. 3. 0. 1. 0. 3. 0. 1. 0. 2. 0. 2. 1. 6. 1. 6. 0. 1. 1. 0. 5. 3.
      0. 2. 0. 4. 4. 1. 1. 2. 1. 0. 1. 4. 5. 5. 0. 0. 3. 0. 5. 0. 0. 2.
      9. 0. 1. 24. 0. 0. 0. 3. 0. 1. 0. 3. 0. 1. 1. 2. 0. 2. 1. 5. 0. 6.
      0. 1. 1. 0. 5. 3. 0. 2. 0. 4. 4. 1. 1. 2. 1. 0. 1. 5. 5. 5. 0. 0.
      3. 0. 4. 0. 0. 2. 9. 0. 1. 24. 0. 0. 0. 3. 0. 1. 0. 3. 0. 1. 0. 2.
      0. 2. 1. 5. 1. 6. 0. 1. 1. 0. 5. 3. 0. 2. 0. 4. 4. 1. 1. 2. 1. 0.
      1. 4. 5. 5. 0. 0. 3. 0. 5. 0. 0. 2. 9. 0. 1. 24. 0. 0. 0. 3. 0. 1.
      0. 3. 0. 1. 0. 2. 0. 2. 1. 5. 1. 6. 0. 1. 1. 0. 5. 3. 0. 2. 0. 4.
      4. 1. 1. 2. 1. 0. 1. 4. 5. 5. 0. 0. 3. 0. 5. 0. 0. 2. 9. 0. 1. 24.
      0. 0. 0. 3. 0. 1. 0. 3. 0. 1. 0. 3. 0. 2. 1. 5. 1. 5. 0. 1. 1. 0.
      5. 3. 0. 2. 0. 4. 4. 1. 1. 2. 1. 0. 1. 4. 5. 5. 0. 0. 3. 0. 5. 0.
      0. 2. 9. 0. 1. 24. 0. 0. 0. 3. 0. 1. 0. 3. 0. 1. 1. 2. 0. 2. 1. 5.
      0. 6. 0. 1. 1. 0. 5. 3. 0. 2. 0. 4. 4. 1. 1. 2. 1. 0. 1. 4. 5. 5.
      0. 0. 3. 0. 5. 0. 0. 2. 9. 0. 1. 24. 0. 0. 0. 3. 0. 1. 0. 3. 0. 1.
      1. 2. 0. 2. 1. 5. 0. 6. 0. 1. 1. 0. 5. 3. 0. 2. 0. 4. 4. 1. 2. 2.
      1. 0. 1. 4. 5. 5. 0. 0. 3. 0. 5. 0. 0. 2. 9. 0. 1. 24. 0. 0. 0. 3.
      0. 1. 0. 2. 0. 1. 0. 2. 0. 2. 1. 5. 1. 6. 0. 1. 1. 0. 5. 3. 0. 2.
      0. 4. 4. 1. 1. 2. 1. 0. 1. 4. 5. 5. 0. 0. 3. 0. 5. 0. 0. 2. 9. 0.
      1. 24. 0. 0. 0. 3. 0. 1. 0. 3. 0. 1. 0. 2. 0. 2. 1. 5. 1. 6. 0. 1.
      1. 0. 5. 3. 0. 2. 0. 4. 4. 1. 1. 2. 1. 0. 1. 4. 5. 5. 0. 0. 3. 0.
      5. 0. 0. 2. 9. 0. 1. 24. 0. 0. 0. 3. 0. 1. 0. 3. 0. 1. 0. 2. 0. 2.
      1. 5. 1. 6. 0. 1. 1. 0. 5. 3. 0. 2. 0. 4. 4. 1. 1. 2. 1. 0. 1. 4.
      5. 5. 0. 0. 3. 0. 5. 0. 0. 2. 9. 0. 1. 24. 0. 0. 0. 3. 0. 1. 0. 3.
      0. 1. 1. 2. 0. 2. 1. 5. 0. 6. 0. 1. 1. 0. 5. 3. 0. 2. 0. 3. 4. 1.
      1. 2. 1. 0. 1. 4. 5. 5. 0. 0. 3. 0. 5. 0. 0. 2. 9. 0. 1. 24. 0. 0.
      0. 3. 0. 1. 0. 3. 0. 1. 0. 3. 0. 2. 1. 5. 1. 6. 0. 1. 1. 0. 5. 3.
      0. 2. 0. 4. 4. 1. 1. 2. 1. 0. 1. 4. 5. 5. 0. 0. 3. 0. 5. 0. 0. 2.
      9. 0. 1. 24. 0. 0. 0. 3. 0. 1. 0. 3. 0. 1. 0. 2. 0. 2. 1. 5. 1. 6.
      0. 1. 1. 0. 5. 3. 0. 2. 0. 4. 4. 1. 1. 2. 1. 0. 1. 4. 5. 5. 0. 0.
      3. 0. 5. 0. 0. 2. 9. 0. 1. 24. 0. 0. 0. 3. 0. 1. 0. 3. 0. 1. 0. 2.
      0. 2. 1. 5. 1. 6. 0. 1. 1. 0. 5. 3. 0. 2. 0. 4. 4. 1. 1. 2. 1. 0.
      1. 4. 5. 5. 0. 0. 3. 0. 5. 0. 0. 2. 9. 0. 1. 24. 0. 0. 0. 3. 0. 1.
      0. 3. 0. 1. 0. 2. 0. 2. 1. 5. 1. 6. 0. 1. 1. 0. 5. 3. 0. 2. 0. 4.
      4. 1. 1. 2. 1. 0. 1. 4. 5. 5. 0. 0. 3. 1. 5. 0. 0. 2. 9. 0. 1. 24.
      0. 0. 0. 3. 0. 1. 0. 3. 0. 1. 1. 2. 0. 2. 1. 5. 0. 6. 0. 1. 1. 0.
      5. 2. 0. 2. 1. 13. 7. 4. 5. 9. 0. 0. 3. 2. 5. 0. 0. 0. 3. 3. 3. 0.
      1. 0. 15. 0. 2. 12. 0. 1. 0. 1. 0. 1. 0. 5. 6. 0. 0. 8. 0. 3. 0.
      9. 0. 8. 0. 2. 1. 0. 5. 2. 0. 0. 1. 13. 7. 2. 5. 9. 0. 0. 3. 2. 5.
      0. 0. 0. 3. 3. 3. 0. 2. 0. 15. 0. 2. 12. 0. 1. 0. 1. 0. 1. 0. 5.
      6. 0. 0. 8. 0. 3. 0. 9. 0. 8. 0. 2. 1. 0. 6. 2. 0. 0. 2. 7. 6. 1.
      3. 12. 0. 1. 2. 2. 3. 1. 0. 0. 3. 2. 4. 0. 3. 0. 11. 0. 2. 10. 0.
      0. 0. 1. 0. 1. 0. 6. 2. 0. 2. 10. 0. 4. 0. 7. 0. 7. 0. 0. 0. 0. 5.
      4. 0. 0.</data></samples>
  <responses type_id="opencv-matrix">
    <rows>132</rows>
    <cols>1</cols>
    <dt>f</dt>
    <data>
      1. 1. 1. 1. 1. 1. 1. 1. 1. 1. 1. 1. 1. 1. 1. 1. 1. 1. 1. 1. 1. 1.
      1. 1. 1. 1. 1. 1. 1. 1. 1. 1. 1. 1. 1. 1. 1. 1. 1. 1. 1. 1. 1. 1.
      1. 1. 1. 1. 1. 1. 1. 1. 1. 1. 1. 1. 1. 1. 1. 1. 1. 1. 1. 1. 1. 1.
      1. 1. 1. 1. 1. 1. 1. 1. 1. 1. 1. 1. 1. 1. 1. 1. 1. 1. 1. 1. 1. 1.
      1. 1. 1. 1. 1. 1. 1. 1. 1. 1. 1. 1. 1. 1. 1. 1. 1. 1. 1. 1. 1. 1.
      1. 1. 1. 1. 1. 1. 1. 1. 1. 1. 1. 1. 1. 1. 1. 1. 1. 1. 1. 1. 1. 1.</data></responses></opencv_ml_knn>
</opencv_storage>
